id	file	GenomeID	Binomial	AccNum	TaxID	PMID	Kingdom	Phylum	Class	Order	Family	Genus	Species	Subrank1	Subrank2
Haladaptatus_halobius	https://ftp.ncbi.nlm.nih.gov/genomes/all/GCF/020/618/475/GCF_020618475.1_ASM2061847v1/GCF_020618475.1_ASM2061847v1_genomic.fna.gz	ASM2061847v1	Haladaptatus halobius	GCF_020618475.1	2884875	NA	Archaea	Euryarchaeota	Halobacteria	Halobacteriales	Halobacteriaceae	Haladaptatus	NA	NA	NA
Haladaptatus_pallidirubidus	https://ftp.ncbi.nlm.nih.gov/genomes/all/GCF/020/700/235/GCF_020700235.1_ASM2070023v1/GCF_020700235.1_ASM2070023v1_genomic.fna.gz	ASM2070023v1	Haladaptatus pallidirubidus	GCF_020700235.1	1008152	NA	Archaea	Euryarchaeota	Halobacteria	Halobacteriales	Halobacteriaceae	Haladaptatus	NA	NA	NA
Haladaptatus_salinisoli	https://ftp.ncbi.nlm.nih.gov/genomes/all/GCF/020/614/375/GCF_020614375.1_ASM2061437v1/GCF_020614375.1_ASM2061437v1_genomic.fna.gz	ASM2061437v1	Haladaptatus salinisoli	GCF_020614375.1	2884876	NA	Archaea	Euryarchaeota	Halobacteria	Halobacteriales	Halobacteriaceae	Haladaptatus	NA	NA	NA
Halalkaliarchaeum_desulfuricum	https://ftp.ncbi.nlm.nih.gov/genomes/all/GCF/002/952/775/GCF_002952775.1_ASM295277v1/GCF_002952775.1_ASM295277v1_genomic.fna.gz	ASM295277v1	Halalkaliarchaeum desulfuricum	GCF_002952775.1	2055893	31166158	Archaea	Euryarchaeota	Halobacteria	Haloferacales	Halorubraceae	Halalkaliarchaeum	NA	NA	NA
Halalkalicoccus_jeotgali_B3	https://ftp.ncbi.nlm.nih.gov/genomes/all/GCF/000/196/895/GCF_000196895.1_ASM19689v1/GCF_000196895.1_ASM19689v1_genomic.fna.gz	ASM19689v1	Halalkalicoccus jeotgali B3	GCF_000196895.1	795797	20601480	Archaea	Euryarchaeota	Halobacteria	Halobacteriales	Halobacteriaceae	Halalkalicoccus	Halalkalicoccus jeotgali	NA	NA
Halanaeroarchaeum_sulfurireducens	https://ftp.ncbi.nlm.nih.gov/genomes/all/GCF/001/305/655/GCF_001305655.1_ASM130565v1/GCF_001305655.1_ASM130565v1_genomic.fna.gz	ASM130565v1	Halanaeroarchaeum sulfurireducens	GCF_001305655.1	1604004	NA	Archaea	Euryarchaeota	Halobacteria	Halobacteriales	Halobacteriaceae	Halanaeroarchaeum	NA	NA	NA
Halapricum_desulfuricans	https://ftp.ncbi.nlm.nih.gov/genomes/all/GCF/017/094/445/GCF_017094445.1_ASM1709444v1/GCF_017094445.1_ASM1709444v1_genomic.fna.gz	ASM1709444v1	Halapricum desulfuricans	GCF_017094445.1	2841257	NA	Archaea	Euryarchaeota	Halobacteria	Halobacteriales	Haloarculaceae	Halapricum	NA	NA	NA
Haloarcula_marismortui_ATCC_43049	https://ftp.ncbi.nlm.nih.gov/genomes/all/GCF/000/011/085/GCF_000011085.1_ASM1108v1/GCF_000011085.1_ASM1108v1_genomic.fna.gz	ASM1108v1	Haloarcula marismortui ATCC 43049	GCF_000011085.1	272569	15520287	Archaea	Euryarchaeota	Halobacteria	Halobacteriales	Haloarculaceae	Haloarcula	Haloarcula marismortui	NA	NA
Haloarcula_sinaiiensis_ATCC_33800	https://ftp.ncbi.nlm.nih.gov/genomes/all/GCF/018/200/015/GCF_018200015.1_ASM1820001v1/GCF_018200015.1_ASM1820001v1_genomic.fna.gz	ASM1820001v1	Haloarcula sinaiiensis ATCC 33800	GCF_018200015.1	662476	34435862	Archaea	Euryarchaeota	Halobacteria	Halobacteriales	Haloarculaceae	Haloarcula	Haloarcula sinaiiensis	NA	NA
Haloarcula_taiwanensis	https://ftp.ncbi.nlm.nih.gov/genomes/all/GCF/002/844/335/GCF_002844335.1_ASM284433v1/GCF_002844335.1_ASM284433v1_genomic.fna.gz	ASM284433v1	Haloarcula taiwanensis	GCF_002844335.1	1932004	NA	Archaea	Euryarchaeota	Halobacteria	Halobacteriales	Haloarculaceae	Haloarcula	NA	NA	NA
Halobacterium_litoreum	https://ftp.ncbi.nlm.nih.gov/genomes/all/GCF/021/233/415/GCF_021233415.1_ASM2123341v1/GCF_021233415.1_ASM2123341v1_genomic.fna.gz	ASM2123341v1	Halobacterium litoreum	GCF_021233415.1	2039234	NA	Archaea	Euryarchaeota	Halobacteria	Halobacteriales	Halobacteriaceae	Halobacterium	NA	NA	NA
Halobacterium_noricense	https://ftp.ncbi.nlm.nih.gov/genomes/all/GCF/021/233/435/GCF_021233435.1_ASM2123343v1/GCF_021233435.1_ASM2123343v1_genomic.fna.gz	ASM2123343v1	Halobacterium noricense	GCF_021233435.1	223182	NA	Archaea	Euryarchaeota	Halobacteria	Halobacteriales	Halobacteriaceae	Halobacterium	NA	NA	NA
Halobacterium_salinarum	https://ftp.ncbi.nlm.nih.gov/genomes/all/GCF/004/799/605/GCF_004799605.1_ASM479960v1/GCF_004799605.1_ASM479960v1_genomic.fna.gz	ASM479960v1	Halobacterium salinarum	GCF_004799605.1	2242	3179757631296677	Archaea	Euryarchaeota	Halobacteria	Halobacteriales	Halobacteriaceae	Halobacterium	NA	NA	NA
Halobaculum_halophilum	https://ftp.ncbi.nlm.nih.gov/genomes/all/GCF/013/401/515/GCF_013401515.1_ASM1340151v1/GCF_013401515.1_ASM1340151v1_genomic.fna.gz	ASM1340151v1	Halobaculum halophilum	GCF_013401515.1	2743090	NA	Archaea	Euryarchaeota	Halobacteria	Haloferacales	Halorubraceae	Halobaculum	NA	NA	NA
Halobaculum_magnesiiphilum	https://ftp.ncbi.nlm.nih.gov/genomes/all/GCF/019/823/105/GCF_019823105.1_ASM1982310v1/GCF_019823105.1_ASM1982310v1_genomic.fna.gz	ASM1982310v1	Halobaculum magnesiiphilum	GCF_019823105.1	1017351	NA	Archaea	Euryarchaeota	Halobacteria	Haloferacales	Halorubraceae	Halobaculum	NA	NA	NA
Halobaculum_roseum	https://ftp.ncbi.nlm.nih.gov/genomes/all/GCF/019/880/245/GCF_019880245.1_ASM1988024v1/GCF_019880245.1_ASM1988024v1_genomic.fna.gz	ASM1988024v1	Halobaculum roseum	GCF_019880245.1	2175149	NA	Archaea	Euryarchaeota	Halobacteria	Haloferacales	Halorubraceae	Halobaculum	NA	NA	NA
Halobaculum_rubrum	https://ftp.ncbi.nlm.nih.gov/genomes/all/GCF/019/880/225/GCF_019880225.1_ASM1988022v1/GCF_019880225.1_ASM1988022v1_genomic.fna.gz	ASM1988022v1	Halobaculum rubrum	GCF_019880225.1	2872158	NA	Archaea	Euryarchaeota	Halobacteria	Haloferacales	Halorubraceae	Halobaculum	NA	NA	NA
Halobaculum_salinum	https://ftp.ncbi.nlm.nih.gov/genomes/all/GCF/013/402/875/GCF_013402875.1_ASM1340287v1/GCF_013402875.1_ASM1340287v1_genomic.fna.gz	ASM1340287v1	Halobaculum salinum	GCF_013402875.1	2743089	NA	Archaea	Euryarchaeota	Halobacteria	Haloferacales	Halorubraceae	Halobaculum	NA	NA	NA
Halobellus_ramosii	https://ftp.ncbi.nlm.nih.gov/genomes/all/GCF/024/498/335/GCF_024498335.1_ASM2449833v1/GCF_024498335.1_ASM2449833v1_genomic.fna.gz	ASM2449833v1	Halobellus ramosii	GCF_024498335.1	1379040	NA	Archaea	Euryarchaeota	Halobacteria	Haloferacales	Haloferacaceae	Halobellus	NA	NA	NA
Halobiforma_lacisalsi_AJ5	https://ftp.ncbi.nlm.nih.gov/genomes/all/GCF/000/226/975/GCF_000226975.2_ASM22697v3/GCF_000226975.2_ASM22697v3_genomic.fna.gz	ASM22697v3	Halobiforma lacisalsi AJ5	GCF_000226975.2	358396	22123770	Archaea	Euryarchaeota	Halobacteria	Natrialbales	Natrialbaceae	Halobiforma	Halobiforma lacisalsi	NA	NA
Halocatena_marina	https://ftp.ncbi.nlm.nih.gov/genomes/all/GCF/025/913/575/GCF_025913575.1_ASM2591357v1/GCF_025913575.1_ASM2591357v1_genomic.fna.gz	ASM2591357v1	Halocatena marina	GCF_025913575.1	2934937	NA	Archaea	Euryarchaeota	Halobacteria	Halobacteriales	Halobacteriaceae	Halocatena	NA	NA	NA
Halocatena_salina	https://ftp.ncbi.nlm.nih.gov/genomes/all/GCF/023/115/355/GCF_023115355.1_ASM2311535v1/GCF_023115355.1_ASM2311535v1_genomic.fna.gz	ASM2311535v1	Halocatena salina	GCF_023115355.1	2934340	NA	Archaea	Euryarchaeota	Halobacteria	Halobacteriales	Halobacteriaceae	Halocatena	NA	NA	NA
Halococcoides_cellulosivorans	https://ftp.ncbi.nlm.nih.gov/genomes/all/GCF/003/058/365/GCF_003058365.1_ASM305836v1/GCF_003058365.1_ASM305836v1_genomic.fna.gz	ASM305836v1	Halococcoides cellulosivorans	GCF_003058365.1	1679096	NA	Archaea	Euryarchaeota	Halobacteria	Halobacteriales	Haloarculaceae	Halococcoides	NA	NA	NA
Halococcus_dombrowskii	https://ftp.ncbi.nlm.nih.gov/genomes/all/GCF/022/870/485/GCF_022870485.1_ASM2287048v1/GCF_022870485.1_ASM2287048v1_genomic.fna.gz	ASM2287048v1	Halococcus dombrowskii	GCF_022870485.1	179637	NA	Archaea	Euryarchaeota	Halobacteria	Halobacteriales	Halococcaceae	Halococcus	NA	NA	NA
Halococcus_qingdaonensis	https://ftp.ncbi.nlm.nih.gov/genomes/all/GCF/024/508/235/GCF_024508235.1_ASM2450823v1/GCF_024508235.1_ASM2450823v1_genomic.fna.gz	ASM2450823v1	Halococcus qingdaonensis	GCF_024508235.1	224402	NA	Archaea	Euryarchaeota	Halobacteria	Halobacteriales	Halococcaceae	Halococcus	NA	NA	NA
Halodesulfurarchaeum_formicicum	https://ftp.ncbi.nlm.nih.gov/genomes/all/GCF/001/886/955/GCF_001886955.1_ASM188695v1/GCF_001886955.1_ASM188695v1_genomic.fna.gz	ASM188695v1	Halodesulfurarchaeum formicicum	GCF_001886955.1	1873524	28106880	Archaea	Euryarchaeota	Halobacteria	Halobacteriales	Halobacteriaceae	Halodesulfurarchaeum	NA	NA	NA
Haloferax_alexandrinus	https://ftp.ncbi.nlm.nih.gov/genomes/all/GCF/010/692/905/GCF_010692905.1_ASM1069290v1/GCF_010692905.1_ASM1069290v1_genomic.fna.gz	ASM1069290v1	Haloferax alexandrinus	GCF_010692905.1	114529	NA	Archaea	Euryarchaeota	Halobacteria	Haloferacales	Haloferacaceae	Haloferax	NA	NA	NA
Haloferax_gibbonsii	https://ftp.ncbi.nlm.nih.gov/genomes/all/GCF/001/190/965/GCF_001190965.1_ASM119096v1/GCF_001190965.1_ASM119096v1_genomic.fna.gz	ASM119096v1	Haloferax gibbonsii	GCF_001190965.1	35746	NA	Archaea	Euryarchaeota	Halobacteria	Haloferacales	Haloferacaceae	Haloferax	NA	NA	NA
Haloferax_larsenii	https://ftp.ncbi.nlm.nih.gov/genomes/all/GCF/024/730/625/GCF_024730625.1_ASM2473062v1/GCF_024730625.1_ASM2473062v1_genomic.fna.gz	ASM2473062v1	Haloferax larsenii	GCF_024730625.1	302484	NA	Archaea	Euryarchaeota	Halobacteria	Haloferacales	Haloferacaceae	Haloferax	NA	NA	NA
Haloferax_lucentense	https://ftp.ncbi.nlm.nih.gov/genomes/all/GCF/029/225/785/GCF_029225785.1_ASM2922578v1/GCF_029225785.1_ASM2922578v1_genomic.fna.gz	ASM2922578v1	Haloferax lucentense	GCF_029225785.1	2254	NA	Archaea	Euryarchaeota	Halobacteria	Haloferacales	Haloferacaceae	Haloferax	NA	NA	NA
Haloferax_mediterranei_ATCC_33500	https://ftp.ncbi.nlm.nih.gov/genomes/all/GCF/005/406/325/GCF_005406325.1_ASM540632v1/GCF_005406325.1_ASM540632v1_genomic.fna.gz	ASM540632v1	Haloferax mediterranei ATCC 33500	GCF_005406325.1	523841	31270201	Archaea	Euryarchaeota	Halobacteria	Haloferacales	Haloferacaceae	Haloferax	Haloferax mediterranei	NA	NA
Haloferax_volcanii_DS2	https://ftp.ncbi.nlm.nih.gov/genomes/all/GCF/000/025/685/GCF_000025685.1_ASM2568v1/GCF_000025685.1_ASM2568v1_genomic.fna.gz	ASM2568v1	Haloferax volcanii DS2	GCF_000025685.1	309800	20333302	Archaea	Euryarchaeota	Halobacteria	Haloferacales	Haloferacaceae	Haloferax	Haloferax volcanii	NA	NA
Halogeometricum_borinquense_DSM_11551	https://ftp.ncbi.nlm.nih.gov/genomes/all/GCF/000/172/995/GCF_000172995.2_ASM17299v2/GCF_000172995.2_ASM17299v2_genomic.fna.gz	ASM17299v2	Halogeometricum borinquense DSM 11551	GCF_000172995.2	469382	21304651	Archaea	Euryarchaeota	Halobacteria	Haloferacales	Haloferacaceae	Halogeometricum	Halogeometricum borinquense	NA	NA
Halohasta_litchfieldiae	https://ftp.ncbi.nlm.nih.gov/genomes/all/GCF/002/788/215/GCF_002788215.1_ASM278821v1/GCF_002788215.1_ASM278821v1_genomic.fna.gz	ASM278821v1	Halohasta litchfieldiae	GCF_002788215.1	1073996	NA	Archaea	Euryarchaeota	Halobacteria	Haloferacales	Halorubraceae	Halohasta	NA	NA	NA
Halomicrobium_mukohataei_DSM_12286	https://ftp.ncbi.nlm.nih.gov/genomes/all/GCF/000/023/965/GCF_000023965.1_ASM2396v1/GCF_000023965.1_ASM2396v1_genomic.fna.gz	ASM2396v1	Halomicrobium mukohataei DSM 12286	GCF_000023965.1	485914	21304667	Archaea	Euryarchaeota	Halobacteria	Halobacteriales	Haloarculaceae	Halomicrobium	Halomicrobium mukohataei	NA	NA
Halomicrobium_salinisoli	https://ftp.ncbi.nlm.nih.gov/genomes/all/GCF/020/405/185/GCF_020405185.1_ASM2040518v1/GCF_020405185.1_ASM2040518v1_genomic.fna.gz	ASM2040518v1	Halomicrobium salinisoli	GCF_020405185.1	2878391	NA	Archaea	Euryarchaeota	Halobacteria	Halobacteriales	Haloarculaceae	Halomicrobium	NA	NA	NA
Halopenitus_persicus	https://ftp.ncbi.nlm.nih.gov/genomes/all/GCF/002/355/635/GCF_002355635.1_ASM235563v1/GCF_002355635.1_ASM235563v1_genomic.fna.gz	ASM235563v1	Halopenitus persicus	GCF_002355635.1	1048396	NA	Archaea	Euryarchaeota	Halobacteria	Haloferacales	Halorubraceae	Halopenitus	NA	NA	NA
Halopiger_xanaduensis_SH-6	https://ftp.ncbi.nlm.nih.gov/genomes/all/GCF/000/217/715/GCF_000217715.1_ASM21771v1/GCF_000217715.1_ASM21771v1_genomic.fna.gz	ASM21771v1	Halopiger xanaduensis SH-6	GCF_000217715.1	797210	22675596	Archaea	Euryarchaeota	Halobacteria	Natrialbales	Natrialbaceae	Halopiger	Halopiger xanaduensis	NA	NA
Haloplanus_aerogenes	https://ftp.ncbi.nlm.nih.gov/genomes/all/GCF/003/856/835/GCF_003856835.1_ASM385683v1/GCF_003856835.1_ASM385683v1_genomic.fna.gz	ASM385683v1	Haloplanus aerogenes	GCF_003856835.1	660522	NA	Archaea	Euryarchaeota	Halobacteria	Haloferacales	Haloferacaceae	Haloplanus	NA	NA	NA
Haloplanus_rallus	https://ftp.ncbi.nlm.nih.gov/genomes/all/GCF/009/762/275/GCF_009762275.1_ASM976227v1/GCF_009762275.1_ASM976227v1_genomic.fna.gz	ASM976227v1	Haloplanus rallus	GCF_009762275.1	1816183	NA	Archaea	Euryarchaeota	Halobacteria	Haloferacales	Haloferacaceae	Haloplanus	NA	NA	NA
Haloplanus_rubicundus	https://ftp.ncbi.nlm.nih.gov/genomes/all/GCF/003/342/695/GCF_003342695.1_ASM334269v1/GCF_003342695.1_ASM334269v1_genomic.fna.gz	ASM334269v1	Haloplanus rubicundus	GCF_003342695.1	1547898	NA	Archaea	Euryarchaeota	Halobacteria	Haloferacales	Haloferacaceae	Haloplanus	NA	NA	NA
Haloplanus_salinarum	https://ftp.ncbi.nlm.nih.gov/genomes/all/GCF/024/498/175/GCF_024498175.1_ASM2449817v1/GCF_024498175.1_ASM2449817v1_genomic.fna.gz	ASM2449817v1	Haloplanus salinarum	GCF_024498175.1	1912324	NA	Archaea	Euryarchaeota	Halobacteria	Haloferacales	Haloferacaceae	Haloplanus	NA	NA	NA
Haloprofundus_halobius	https://ftp.ncbi.nlm.nih.gov/genomes/all/GCF/020/097/835/GCF_020097835.1_ASM2009783v1/GCF_020097835.1_ASM2009783v1_genomic.fna.gz	ASM2009783v1	Haloprofundus halobius	GCF_020097835.1	2876194	NA	Archaea	Euryarchaeota	Halobacteria	Haloferacales	Haloferacaceae	Haloprofundus	NA	NA	NA
Haloprofundus_salilacus	https://ftp.ncbi.nlm.nih.gov/genomes/all/GCF/020/150/815/GCF_020150815.1_ASM2015081v1/GCF_020150815.1_ASM2015081v1_genomic.fna.gz	ASM2015081v1	Haloprofundus salilacus	GCF_020150815.1	2876190	NA	Archaea	Euryarchaeota	Halobacteria	Haloferacales	Haloferacaceae	Haloprofundus	NA	NA	NA
Haloprofundus_salinisoli	https://ftp.ncbi.nlm.nih.gov/genomes/all/GCF/020/097/815/GCF_020097815.1_ASM2009781v1/GCF_020097815.1_ASM2009781v1_genomic.fna.gz	ASM2009781v1	Haloprofundus salinisoli	GCF_020097815.1	2876193	NA	Archaea	Euryarchaeota	Halobacteria	Haloferacales	Haloferacaceae	Haloprofundus	NA	NA	NA
Haloquadratum_walsbyi_DSM_16790	https://ftp.ncbi.nlm.nih.gov/genomes/all/GCF/000/009/185/GCF_000009185.1_ASM918v1/GCF_000009185.1_ASM918v1_genomic.fna.gz	ASM918v1	Haloquadratum walsbyi DSM 16790	GCF_000009185.1	362976	16820047	Archaea	Euryarchaeota	Halobacteria	Haloferacales	Haloferacaceae	Haloquadratum	Haloquadratum walsbyi	NA	NA
Halorhabdus_tiamatea_SARL4B	https://ftp.ncbi.nlm.nih.gov/genomes/all/GCF/000/470/655/GCF_000470655.1_HATI1/GCF_000470655.1_HATI1_genomic.fna.gz	HATI1	Halorhabdus tiamatea SARL4B	GCF_000470655.1	1033806	24428220	Archaea	Euryarchaeota	Halobacteria	Halobacteriales	Haloarculaceae	Halorhabdus	Halorhabdus tiamatea	NA	NA
Halorhabdus_utahensis_DSM_12940	https://ftp.ncbi.nlm.nih.gov/genomes/all/GCF/000/023/945/GCF_000023945.1_ASM2394v1/GCF_000023945.1_ASM2394v1_genomic.fna.gz	ASM2394v1	Halorhabdus utahensis DSM 12940	GCF_000023945.1	519442	21304660	Archaea	Euryarchaeota	Halobacteria	Halobacteriales	Haloarculaceae	Halorhabdus	Halorhabdus utahensis	NA	NA
Halorientalis_litorea	https://ftp.ncbi.nlm.nih.gov/genomes/all/GCF/023/028/225/GCF_023028225.1_ASM2302822v1/GCF_023028225.1_ASM2302822v1_genomic.fna.gz	ASM2302822v1	Halorientalis litorea	GCF_023028225.1	2931977	NA	Archaea	Euryarchaeota	Halobacteria	Halobacteriales	Haloarculaceae	Halorientalis	NA	NA	NA
Halorientalis_marina	https://ftp.ncbi.nlm.nih.gov/genomes/all/GCF/023/028/345/GCF_023028345.1_ASM2302834v1/GCF_023028345.1_ASM2302834v1_genomic.fna.gz	ASM2302834v1	Halorientalis marina	GCF_023028345.1	2931976	NA	Archaea	Euryarchaeota	Halobacteria	Halobacteriales	Haloarculaceae	Halorientalis	NA	NA	NA
Halorubrum_ezzemoulense	https://ftp.ncbi.nlm.nih.gov/genomes/all/GCF/004/126/515/GCF_004126515.1_ASM412651v1/GCF_004126515.1_ASM412651v1_genomic.fna.gz	ASM412651v1	Halorubrum ezzemoulense	GCF_004126515.1	337243	NA	Archaea	Euryarchaeota	Halobacteria	Haloferacales	Halorubraceae	Halorubrum	NA	NA	NA
Halorubrum_lacusprofundi_ATCC_49239	https://ftp.ncbi.nlm.nih.gov/genomes/all/GCF/000/022/205/GCF_000022205.1_ASM2220v1/GCF_000022205.1_ASM2220v1_genomic.fna.gz	ASM2220v1	Halorubrum lacusprofundi ATCC 49239	GCF_000022205.1	416348	3146357329189042e32	Archaea	Euryarchaeota	Halobacteria	Haloferacales	Halorubraceae	Halorubrum	Halorubrum lacusprofundi	NA	NA
Halorubrum_ruber	https://ftp.ncbi.nlm.nih.gov/genomes/all/GCF/018/228/765/GCF_018228765.1_ASM1822876v1/GCF_018228765.1_ASM1822876v1_genomic.fna.gz	ASM1822876v1	Halorubrum ruber	GCF_018228765.1	2982524	NA	Archaea	Euryarchaeota	Halobacteria	Haloferacales	Halorubraceae	Halorubrum	NA	NA	NA
Halorubrum_salinarum	https://ftp.ncbi.nlm.nih.gov/genomes/all/GCF/013/267/195/GCF_013267195.1_ASM1326719v1/GCF_013267195.1_ASM1326719v1_genomic.fna.gz	ASM1326719v1	Halorubrum salinarum	GCF_013267195.1	2739057	NA	Archaea	Euryarchaeota	Halobacteria	Haloferacales	Halorubraceae	Halorubrum	NA	NA	NA
Halorussus_halophilus	https://ftp.ncbi.nlm.nih.gov/genomes/all/GCF/008/831/545/GCF_008831545.1_ASM883154v1/GCF_008831545.1_ASM883154v1_genomic.fna.gz	ASM883154v1	Halorussus halophilus	GCF_008831545.1	2650975	NA	Archaea	Euryarchaeota	Halobacteria	Halobacteriales	Halobacteriaceae	Halorussus	NA	NA	NA
Halorussus_pelagicus	https://ftp.ncbi.nlm.nih.gov/genomes/all/GCF/004/087/835/GCF_004087835.1_ASM408783v1/GCF_004087835.1_ASM408783v1_genomic.fna.gz	ASM408783v1	Halorussus pelagicus	GCF_004087835.1	2505977	NA	Archaea	Euryarchaeota	Halobacteria	Halobacteriales	Halobacteriaceae	Halorussus	NA	NA	NA
Halosiccatus_urmianus	https://ftp.ncbi.nlm.nih.gov/genomes/all/GCF/020/217/425/GCF_020217425.1_ASM2021742v1/GCF_020217425.1_ASM2021742v1_genomic.fna.gz	ASM2021742v1	Halosiccatus urmianus	GCF_020217425.1	1586233	NA	Archaea	Euryarchaeota	Halobacteria	Halobacteriales	Haloarculaceae	Halosiccatus	NA	NA	NA
Halosimplex_litoreum	https://ftp.ncbi.nlm.nih.gov/genomes/all/GCF/016/065/055/GCF_016065055.1_ASM1606505v1/GCF_016065055.1_ASM1606505v1_genomic.fna.gz	ASM1606505v1	Halosimplex litoreum	GCF_016065055.1	1198301	NA	Archaea	Euryarchaeota	Halobacteria	Halobacteriales	Haloarculaceae	Halosimplex	NA	NA	NA
Halosimplex_pelagicum	https://ftp.ncbi.nlm.nih.gov/genomes/all/GCF/013/415/905/GCF_013415905.1_ASM1341590v1/GCF_013415905.1_ASM1341590v1_genomic.fna.gz	ASM1341590v1	Halosimplex pelagicum	GCF_013415905.1	869886	NA	Archaea	Euryarchaeota	Halobacteria	Halobacteriales	Haloarculaceae	Halosimplex	NA	NA	NA
Halosimplex_rubrum	https://ftp.ncbi.nlm.nih.gov/genomes/all/GCF/013/415/885/GCF_013415885.1_ASM1341588v1/GCF_013415885.1_ASM1341588v1_genomic.fna.gz	ASM1341588v1	Halosimplex rubrum	GCF_013415885.1	869889	NA	Archaea	Euryarchaeota	Halobacteria	Halobacteriales	Haloarculaceae	Halosimplex	NA	NA	NA
Halosolutus_gelatinilyticus	https://ftp.ncbi.nlm.nih.gov/genomes/all/GCF/023/028/105/GCF_023028105.1_ASM2302810v1/GCF_023028105.1_ASM2302810v1_genomic.fna.gz	ASM2302810v1	Halosolutus gelatinilyticus	GCF_023028105.1	2931975	NA	Archaea	Euryarchaeota	Halobacteria	Natrialbales	Natrialbaceae	Halosolutus	NA	NA	NA
Halosolutus_halophilus	https://ftp.ncbi.nlm.nih.gov/genomes/all/GCF/022/869/805/GCF_022869805.1_ASM2286980v1/GCF_022869805.1_ASM2286980v1_genomic.fna.gz	ASM2286980v1	Halosolutus halophilus	GCF_022869805.1	1552990	NA	Archaea	Euryarchaeota	Halobacteria	Natrialbales	Natrialbaceae	Halosolutus	NA	NA	NA
Halostagnicola_larsenii_XH-48	https://ftp.ncbi.nlm.nih.gov/genomes/all/GCF/000/517/625/GCF_000517625.1_ASM51762v1/GCF_000517625.1_ASM51762v1_genomic.fna.gz	ASM51762v1	Halostagnicola larsenii XH-48	GCF_000517625.1	797299	NA	Archaea	Euryarchaeota	Halobacteria	Natrialbales	Natrialbaceae	Halostagnicola	Halostagnicola larsenii	NA	NA
Haloterrigena_alkaliphila	https://ftp.ncbi.nlm.nih.gov/genomes/all/GCF/017/352/155/GCF_017352155.2_ASM1735215v2/GCF_017352155.2_ASM1735215v2_genomic.fna.gz	ASM1735215v2	Haloterrigena alkaliphila	GCF_017352155.2	2816475	NA	Archaea	Euryarchaeota	Halobacteria	Natrialbales	Natrialbaceae	Haloterrigena	NA	NA	NA
Haloterrigena_salifodinae	https://ftp.ncbi.nlm.nih.gov/genomes/all/GCF/016/906/025/GCF_016906025.1_ASM1690602v1/GCF_016906025.1_ASM1690602v1_genomic.fna.gz	ASM1690602v1	Haloterrigena salifodinae	GCF_016906025.1	2675099	33958400	Archaea	Euryarchaeota	Halobacteria	Natrialbales	Natrialbaceae	Haloterrigena	NA	NA	NA
Haloterrigena_turkmenica_DSM_5511	https://ftp.ncbi.nlm.nih.gov/genomes/all/GCF/000/025/325/GCF_000025325.1_ASM2532v1/GCF_000025325.1_ASM2532v1_genomic.fna.gz	ASM2532v1	Haloterrigena turkmenica DSM 5511	GCF_000025325.1	543526	21304683	Archaea	Euryarchaeota	Halobacteria	Natrialbales	Natrialbaceae	Haloterrigena	Haloterrigena turkmenica	NA	NA
Halovenus_salina	https://ftp.ncbi.nlm.nih.gov/genomes/all/GCF/026/410/925/GCF_026410925.1_ASM2641092v1/GCF_026410925.1_ASM2641092v1_genomic.fna.gz	ASM2641092v1	Halovenus salina	GCF_026410925.1	1510225	NA	Archaea	Euryarchaeota	Halobacteria	Halobacteriales	Halobacteriaceae	Halovenus	NA	NA	NA
Halovivax_cerinus	https://ftp.ncbi.nlm.nih.gov/genomes/all/GCF/024/498/195/GCF_024498195.1_ASM2449819v1/GCF_024498195.1_ASM2449819v1_genomic.fna.gz	ASM2449819v1	Halovivax cerinus	GCF_024498195.1	1487865	NA	Archaea	Euryarchaeota	Halobacteria	Natrialbales	Natrialbaceae	Halovivax	NA	NA	NA
Halovivax_limisalsi	https://ftp.ncbi.nlm.nih.gov/genomes/all/GCF/023/093/535/GCF_023093535.1_ASM2309353v1/GCF_023093535.1_ASM2309353v1_genomic.fna.gz	ASM2309353v1	Halovivax limisalsi	GCF_023093535.1	1453760	NA	Archaea	Euryarchaeota	Halobacteria	Natrialbales	Natrialbaceae	Halovivax	NA	NA	NA
Halovivax_ruber_XH-70	https://ftp.ncbi.nlm.nih.gov/genomes/all/GCF/000/328/525/GCF_000328525.1_ASM32852v1/GCF_000328525.1_ASM32852v1_genomic.fna.gz	ASM32852v1	Halovivax ruber XH-70	GCF_000328525.1	797302	NA	Archaea	Euryarchaeota	Halobacteria	Natrialbales	Natrialbaceae	Halovivax	Halovivax ruber	NA	NA
Natranaeroarchaeum_sulfidigenes	https://ftp.ncbi.nlm.nih.gov/genomes/all/GCF/017/094/485/GCF_017094485.1_ASM1709448v1/GCF_017094485.1_ASM1709448v1_genomic.fna.gz	ASM1709448v1	Natranaeroarchaeum sulfidigenes	GCF_017094485.1	2784880	NA	Archaea	Euryarchaeota	Halobacteria	Halobacteriales	Natronoarchaeaceae	Natranaeroarchaeum	NA	NA	NA
Natrarchaeobaculum_aegyptiacum	https://ftp.ncbi.nlm.nih.gov/genomes/all/GCF/002/156/705/GCF_002156705.1_ASM215670v1/GCF_002156705.1_ASM215670v1_genomic.fna.gz	ASM215670v1	Natrarchaeobaculum aegyptiacum	GCF_002156705.1	745377	29388536	Archaea	Euryarchaeota	Halobacteria	Natrialbales	Natrialbaceae	Natrarchaeobaculum	NA	NA	NA
Natrarchaeobaculum_sulfurireducens	https://ftp.ncbi.nlm.nih.gov/genomes/all/GCF/003/430/825/GCF_003430825.1_ASM343082v1/GCF_003430825.1_ASM343082v1_genomic.fna.gz	ASM343082v1	Natrarchaeobaculum sulfurireducens	GCF_003430825.1	2044521	31166158	Archaea	Euryarchaeota	Halobacteria	Natrialbales	Natrialbaceae	Natrarchaeobaculum	NA	NA	NA
Natrialba_magadii_ATCC_43099	https://ftp.ncbi.nlm.nih.gov/genomes/all/GCF/000/025/625/GCF_000025625.1_ASM2562v1/GCF_000025625.1_ASM2562v1_genomic.fna.gz	ASM2562v1	Natrialba magadii ATCC 43099	GCF_000025625.1	547559	22559199	Archaea	Euryarchaeota	Halobacteria	Natrialbales	Natrialbaceae	Natrialba	Natrialba magadii	NA	NA
Natribaculum_luteum	https://ftp.ncbi.nlm.nih.gov/genomes/all/GCF/023/008/545/GCF_023008545.1_ASM2300854v1/GCF_023008545.1_ASM2300854v1_genomic.fna.gz	ASM2300854v1	Natribaculum luteum	GCF_023008545.1	1586232	NA	Archaea	Euryarchaeota	Halobacteria	Natrialbales	Natrialbaceae	Natribaculum	NA	NA	NA
Natrinema_caseinilyticum	https://ftp.ncbi.nlm.nih.gov/genomes/all/GCF/024/227/435/GCF_024227435.1_ASM2422743v1/GCF_024227435.1_ASM2422743v1_genomic.fna.gz	ASM2422743v1	Natrinema caseinilyticum	GCF_024227435.1	2961570	NA	Archaea	Euryarchaeota	Halobacteria	Natrialbales	Natrialbaceae	Natrinema	NA	NA	NA
Natrinema_gelatinilyticum	https://ftp.ncbi.nlm.nih.gov/genomes/all/GCF/024/266/705/GCF_024266705.1_ASM2426670v1/GCF_024266705.1_ASM2426670v1_genomic.fna.gz	ASM2426670v1	Natrinema gelatinilyticum	GCF_024266705.1	2961571	NA	Archaea	Euryarchaeota	Halobacteria	Natrialbales	Natrialbaceae	Natrinema	NA	NA	NA
Natrinema_halophilum	https://ftp.ncbi.nlm.nih.gov/genomes/all/GCF/013/402/815/GCF_013402815.2_ASM1340281v2/GCF_013402815.2_ASM1340281v2_genomic.fna.gz	ASM1340281v2	Natrinema halophilum	GCF_013402815.2	1699371	NA	Archaea	Euryarchaeota	Halobacteria	Natrialbales	Natrialbaceae	Natrinema	NA	NA	NA
Natrinema_longum	https://ftp.ncbi.nlm.nih.gov/genomes/all/GCF/017/352/095/GCF_017352095.1_ASM1735209v1/GCF_017352095.1_ASM1735209v1_genomic.fna.gz	ASM1735209v1	Natrinema longum	GCF_017352095.1	370324	16902017	Archaea	Euryarchaeota	Halobacteria	Natrialbales	Natrialbaceae	Natrinema	NA	NA	NA
Natrinema_marinum	https://ftp.ncbi.nlm.nih.gov/genomes/all/GCF/024/296/685/GCF_024296685.1_ASM2429668v1/GCF_024296685.1_ASM2429668v1_genomic.fna.gz	ASM2429668v1	Natrinema marinum	GCF_024296685.1	2961598	NA	Archaea	Euryarchaeota	Halobacteria	Natrialbales	Natrialbaceae	Natrinema	NA	NA	NA
Natrinema_pallidum	https://ftp.ncbi.nlm.nih.gov/genomes/all/GCF/005/890/195/GCF_005890195.1_ASM589019v1/GCF_005890195.1_ASM589019v1_genomic.fna.gz	ASM589019v1	Natrinema pallidum	GCF_005890195.1	69527	31416876	Archaea	Euryarchaeota	Halobacteria	Natrialbales	Natrialbaceae	Natrinema	NA	NA	NA
Natrinema_pellirubrum_DSM_15624	https://ftp.ncbi.nlm.nih.gov/genomes/all/GCF/000/230/735/GCF_000230735.2_ASM23073v3/GCF_000230735.2_ASM23073v3_genomic.fna.gz	ASM23073v3	Natrinema pellirubrum DSM 15624	GCF_000230735.2	797303	NA	Archaea	Euryarchaeota	Halobacteria	Natrialbales	Natrialbaceae	Natrinema	Natrinema pellirubrum	NA	NA
Natrinema_salinisoli	https://ftp.ncbi.nlm.nih.gov/genomes/all/GCF/020/405/205/GCF_020405205.1_ASM2040520v1/GCF_020405205.1_ASM2040520v1_genomic.fna.gz	ASM2040520v1	Natrinema salinisoli	GCF_020405205.1	2878535	NA	Archaea	Euryarchaeota	Halobacteria	Natrialbales	Natrialbaceae	Natrinema	NA	NA	NA
Natrinema_zhouii	https://ftp.ncbi.nlm.nih.gov/genomes/all/GCF/013/456/555/GCF_013456555.2_ASM1345655v2/GCF_013456555.2_ASM1345655v2_genomic.fna.gz	ASM1345655v2	Natrinema zhouii	GCF_013456555.2	1710539	NA	Archaea	Euryarchaeota	Halobacteria	Natrialbales	Natrialbaceae	Natrinema	NA	NA	NA
Natronobacterium_gregoryi_SP2	https://ftp.ncbi.nlm.nih.gov/genomes/all/GCF/000/230/715/GCF_000230715.2_ASM23071v3/GCF_000230715.2_ASM23071v3_genomic.fna.gz	ASM23071v3	Natronobacterium gregoryi SP2	GCF_000230715.2	797304	NA	Archaea	Euryarchaeota	Halobacteria	Natrialbales	Natrialbaceae	Natronobacterium	Natronobacterium gregoryi	NA	NA
Natronococcus_occultus_SP4	https://ftp.ncbi.nlm.nih.gov/genomes/all/GCF/000/328/685/GCF_000328685.1_ASM32868v1/GCF_000328685.1_ASM32868v1_genomic.fna.gz	ASM32868v1	Natronococcus occultus SP4	GCF_000328685.1	694430	NA	Archaea	Euryarchaeota	Halobacteria	Natrialbales	Natrialbaceae	Natronococcus	Natronococcus occultus	NA	NA
Natronomonas_gomsonensis	https://ftp.ncbi.nlm.nih.gov/genomes/all/GCF/024/300/825/GCF_024300825.1_ASM2430082v1/GCF_024300825.1_ASM2430082v1_genomic.fna.gz	ASM2430082v1	Natronomonas gomsonensis	GCF_024300825.1	1046043	NA	Archaea	Euryarchaeota	Halobacteria	Halobacteriales	Haloarculaceae	Natronomonas	NA	NA	NA
Natronomonas_halophila	https://ftp.ncbi.nlm.nih.gov/genomes/all/GCF/013/391/085/GCF_013391085.1_ASM1339108v1/GCF_013391085.1_ASM1339108v1_genomic.fna.gz	ASM1339108v1	Natronomonas halophila	GCF_013391085.1	2747817	NA	Archaea	Euryarchaeota	Halobacteria	Halobacteriales	Haloarculaceae	Natronomonas	NA	NA	NA
Natronomonas_moolapensis_8.8.11	https://ftp.ncbi.nlm.nih.gov/genomes/all/GCF/000/591/055/GCF_000591055.1_ASM59105v1/GCF_000591055.1_ASM59105v1_genomic.fna.gz	ASM59105v1	Natronomonas moolapensis 8.8.11	GCF_000591055.1	268739	23516216	Archaea	Euryarchaeota	Halobacteria	Halobacteriales	Haloarculaceae	Natronomonas	Natronomonas moolapensis	NA	NA
Natronomonas_pharaonis_DSM_2160	https://ftp.ncbi.nlm.nih.gov/genomes/all/GCF/000/026/045/GCF_000026045.1_ASM2604v1/GCF_000026045.1_ASM2604v1_genomic.fna.gz	ASM2604v1	Natronomonas pharaonis DSM 2160	GCF_000026045.1	348780	16169924	Archaea	Euryarchaeota	Halobacteria	Halobacteriales	Haloarculaceae	Natronomonas	Natronomonas pharaonis	NA	NA
Natronomonas_salina	https://ftp.ncbi.nlm.nih.gov/genomes/all/GCF/013/391/105/GCF_013391105.1_ASM1339110v1/GCF_013391105.1_ASM1339110v1_genomic.fna.gz	ASM1339110v1	Natronomonas salina	GCF_013391105.1	1710540	NA	Archaea	Euryarchaeota	Halobacteria	Halobacteriales	Haloarculaceae	Natronomonas	NA	NA	NA
Natronorubrum_aibiense	https://ftp.ncbi.nlm.nih.gov/genomes/all/GCF/009/392/895/GCF_009392895.1_ASM939289v1/GCF_009392895.1_ASM939289v1_genomic.fna.gz	ASM939289v1	Natronorubrum aibiense	GCF_009392895.1	348826	17392197	Archaea	Euryarchaeota	Halobacteria	Natrialbales	Natrialbaceae	Natronorubrum	NA	NA	NA
Natronorubrum_bangense	https://ftp.ncbi.nlm.nih.gov/genomes/all/GCF/004/799/645/GCF_004799645.1_ASM479964v1/GCF_004799645.1_ASM479964v1_genomic.fna.gz	ASM479964v1	Natronorubrum bangense	GCF_004799645.1	61858	30975999	Archaea	Euryarchaeota	Halobacteria	Natrialbales	Natrialbaceae	Natronorubrum	NA	NA	NA
Natronorubrum_daqingense	https://ftp.ncbi.nlm.nih.gov/genomes/all/GCF/001/971/705/GCF_001971705.1_ASM197170v1/GCF_001971705.1_ASM197170v1_genomic.fna.gz	ASM197170v1	Natronorubrum daqingense	GCF_001971705.1	588898	NA	Archaea	Euryarchaeota	Halobacteria	Natrialbales	Natrialbaceae	Natronorubrum	NA	NA	NA
Salarchaeum_japonicum	https://ftp.ncbi.nlm.nih.gov/genomes/all/GCF/020/614/395/GCF_020614395.1_ASM2061439v1/GCF_020614395.1_ASM2061439v1_genomic.fna.gz	ASM2061439v1	Salarchaeum japonicum	GCF_020614395.1	555573	NA	Archaea	Euryarchaeota	Halobacteria	Halobacteriales	Halobacteriaceae	Salarchaeum	NA	NA	NA
Salinigranum_rubrum	https://ftp.ncbi.nlm.nih.gov/genomes/all/GCF/002/906/575/GCF_002906575.1_ASM290657v1/GCF_002906575.1_ASM290657v1_genomic.fna.gz	ASM290657v1	Salinigranum rubrum	GCF_002906575.1	755307	NA	Archaea	Euryarchaeota	Halobacteria	Haloferacales	Halorubraceae	Salinigranum	NA	NA	NA
Salinirubellus_salinus	https://ftp.ncbi.nlm.nih.gov/genomes/all/GCF/025/231/485/GCF_025231485.1_ASM2523148v1/GCF_025231485.1_ASM2523148v1_genomic.fna.gz	ASM2523148v1	Salinirubellus salinus	GCF_025231485.1	1364945	NA	Archaea	Euryarchaeota	Halobacteria	Halobacteriales	Salinirubellus	NA	NA	NA	NA
